{
    "-1": {
        "precision": 0.6406153846153846,
        "recall": 0.6229802513464991,
        "f1-score": 0.6316747572815534,
        "support": 1671.0
    },
    "0": {
        "precision": 0.7245687091017252,
        "recall": 0.9416312330885195,
        "f1-score": 0.8189611699445285,
        "support": 2587.0
    },
    "1": {
        "precision": 0.8760539629005059,
        "recall": 0.6701064172847468,
        "f1-score": 0.7593641512881418,
        "support": 3101.0
    },
    "accuracy": 0.7548579970104634,
    "macro avg": {
        "precision": 0.7470793522058718,
        "recall": 0.7449059672399218,
        "f1-score": 0.7366666928380745,
        "support": 7359.0
    },
    "weighted avg": {
        "precision": 0.7693397060868241,
        "recall": 0.7548579970104634,
        "f1-score": 0.7513207364055576,
        "support": 7359.0
    }
}