{
    "-1": {
        "precision": 0.7434599156118143,
        "recall": 0.5272292040694195,
        "f1-score": 0.6169467787114846,
        "support": 1671.0
    },
    "0": {
        "precision": 0.5997655334114889,
        "recall": 0.9887901043679939,
        "f1-score": 0.7466433158201985,
        "support": 2587.0
    },
    "1": {
        "precision": 0.9177579884756417,
        "recall": 0.5649790390196711,
        "f1-score": 0.6994011976047905,
        "support": 3101.0
    },
    "accuracy": 0.705394754722109,
    "macro avg": {
        "precision": 0.7536611458329817,
        "recall": 0.6936661158190282,
        "f1-score": 0.6876637640454911,
        "support": 7359.0
    },
    "weighted avg": {
        "precision": 0.7663925093335818,
        "recall": 0.705394754722109,
        "f1-score": 0.6972859680698735,
        "support": 7359.0
    }
}