{
    "-1": {
        "precision": 0.7069148936170213,
        "recall": 0.7953321364452424,
        "f1-score": 0.74852154322726,
        "support": 1671.0
    },
    "0": {
        "precision": 0.8689374305812662,
        "recall": 0.9072284499420178,
        "f1-score": 0.8876701966717095,
        "support": 2587.0
    },
    "1": {
        "precision": 0.9136069114470843,
        "recall": 0.8184456626894551,
        "f1-score": 0.8634121449226059,
        "support": 3101.0
    },
    "accuracy": 0.8444082076369072,
    "macro avg": {
        "precision": 0.8298197452151239,
        "recall": 0.8403354163589051,
        "f1-score": 0.8332012949405251,
        "support": 7359.0
    },
    "weighted avg": {
        "precision": 0.8509703699612973,
        "recall": 0.8444082076369072,
        "f1-score": 0.8458517949351088,
        "support": 7359.0
    }
}