{
    "-1": {
        "precision": 0.7084745762711865,
        "recall": 0.7504488330341114,
        "f1-score": 0.7288578901482128,
        "support": 1671.0
    },
    "0": {
        "precision": 0.8058744091829845,
        "recall": 0.9226903749516815,
        "f1-score": 0.8603351955307262,
        "support": 2587.0
    },
    "1": {
        "precision": 0.9090216977540921,
        "recall": 0.7700741696227024,
        "f1-score": 0.8337988826815642,
        "support": 3101.0
    },
    "accuracy": 0.8192689224079358,
    "macro avg": {
        "precision": 0.8077902277360877,
        "recall": 0.8144044592028318,
        "f1-score": 0.807663989453501,
        "support": 7359.0
    },
    "weighted avg": {
        "precision": 0.827223046370563,
        "recall": 0.8192689224079358,
        "f1-score": 0.8192986846679144,
        "support": 7359.0
    }
}