{
    "-1": {
        "precision": 0.6676923076923077,
        "recall": 0.7791741472172352,
        "f1-score": 0.7191383595691798,
        "support": 1671.0
    },
    "0": {
        "precision": 0.8491331611951309,
        "recall": 0.8898337843061461,
        "f1-score": 0.8690071725179312,
        "support": 2587.0
    },
    "1": {
        "precision": 0.9099332839140104,
        "recall": 0.7916801031925186,
        "f1-score": 0.8466977065011209,
        "support": 3101.0
    },
    "accuracy": 0.8233455632558772,
    "macro avg": {
        "precision": 0.8089195842671497,
        "recall": 0.8202293449052999,
        "f1-score": 0.811614412862744,
        "support": 7359.0
    },
    "weighted avg": {
        "precision": 0.8335540763124061,
        "recall": 0.8233455632558772,
        "f1-score": 0.8255756681619735,
        "support": 7359.0
    }
}